{
  "version": "Sample 1.0.0",
  "model": "model.moc",
  "textures": [
    "model.1024/texture_00.png"
  ],
  "hit_areas": [
    {
      "name": "face",
      "id": "D_REF.FACE",
      "motion": "tap"
    },
    {
      "name": "breast",
      "id": "D_REF.BREAST",
      "motion": "tap_breast"
    },
    {
      "name": "leg",
      "id": "D_REF.LEG",
      "motion": "tap"
    }
  ],
  "motions": {
    "idle": [
      {
        "file": "motions/daiji_idle_01.mtn"
      }
    ],
    "tap": [
      {
        "name": "duihua",
        "sound": "sounds/88type_SOULCONTRACT_JP.mp3"
      },
      {
        "name": "duihua",
        "sound": "sounds/88type_PHRASE_JP.mp3"
      },
      {
        "name": "duihua",
        "sound": "sounds/88type_DEFENSE_JP.mp3"
      }
    ],
    "shake": [
      {
        "file": "destroy/motions/shake.mtn"
      }
    ],
    "tap_breast": [
      {
        "file": "motions/touch_1.mtn",
        "sound": "sounds/88type_BREAK_JP.mp3"
      },
      {
        "file": "motions/touch_2.mtn",
        "sound": "sounds/88type_RETREAT_JP.mp3"
      },
      {
        "file": "motions/touch_3.mtn",
        "sound": "sounds/88type_FIX_JP.mp3"
      },
      {
        "file": "motions/touch_4.mtn",
        "sound": "sounds/88type_LOWMOOD_JP.mp3"
      },
      {
        "file": "motions/touch_5.mtn",
        "sound": "sounds/88type_MOOD2_JP.mp3"
      }
    ],
    "tick_5": [
      {
        "file": "motions/wait_1.mtn"
      },
      {
        "file": "motions/wait_2.mtn"
      }
    ]
  },
  "physics": "physics.json",
  "pose": "pose.json",
  "auto_breath": false
}