{
	"type":"Live2D Physics",
	"physics_hair":[
		{
			"label":"opai",
			"setup":{
				"length":0.23,
				"regist":0.5,
				"mass":0.24
			},
			"src":[
				{
					"id":"PARAM_ANGLE_Y",
					"ptype":"x",
					"scale":0.005,
					"weight":0.2
				},
				{
					"id":"PARAM_BODY_ANGLE_Y",
					"ptype":"x",
					"scale":0.015,
					"weight":0.3
				},
				{
					"id":"PARAM_ANGLE_Z",
					"ptype":"angle",
					"scale":-0.015,
					"weight":1
				}
			],
			"targets":[
				{
					"id":"PARAM_OPAISHAKE_Y",
					"ptype":"angle",
					"scale":0.015,
					"weight":1
				},
				{
					"id":"PARAM_MISK_EAR_Y",
					"ptype":"angle",
					"scale":0.015,
					"weight":1
				}
			]
		},
		{
			"setup":{
				"length":0.24,
				"regist":0.5,
				"mass":0.1
			},
			"src":[
				{
					"id":"PARAM_BODY_ANGLE_X",
					"ptype":"x",
					"scale":0.02,
					"weight":0.8
				},
				{
					"id":"PARAM_ANGLE_X",
					"ptype":"x",
					"scale":0.02,
					"weight":0.8
				},
				{
					"id":"PARAM_BODY_ANGLE_Z",
					"ptype":"x",
					"scale":0.5,
					"weight":0.5
				},
				{
					"id":"PARAM_ANGLE_Z",
					"ptype":"x",
					"scale":0.5,
					"weight":0.6
				}
			],
			"targets":[
				{
					"id":"PARAM_MISK_EAR",
					"ptype":"angle",
					"scale":0.025,
					"weight":1
				},
				{
					"id":"PARAM_OPAISHAKE_X",
					"ptype":"angle",
					"scale":0.03,
					"weight":0.8
				}
			]
		},
		{
			"setup":{
				"length":0.34,
				"regist":0.5,
				"mass":0.2
			},
			"src":[
				{
					"id":"PARAM_ANGLE_X",
					"ptype":"x",
					"scale":0.005,
					"weight":1
				},
				{
					"id":"PARAM_ANGLE_Z",
					"ptype":"angle",
					"scale":0.8,
					"weight":1
				}
			],
			"targets":[
				{
					"id":"PARAM_HEADDREES",
					"ptype":"angle",
					"scale":0.025,
					"weight":1
				}
			]
		},
		{
			"setup":{
				"length":0.65,
				"regist":0.5,
				"mass":1.39
			},
			"src":[
				{
					"id":"PARAM_ANGLE_Y",
					"ptype":"x",
					"scale":0.005,
					"weight":1
				},
				{
					"id":"PARAM_ANGLE_Z",
					"ptype":"angle",
					"scale":0.8,
					"weight":1
				},
				{
					"id":"PARAM_BODY_ANGLE_Z",
					"ptype":"angle",
					"scale":1,
					"weight":1
				},
				{
					"id":"PARAM_BODY_ANGLE_Y",
					"ptype":"angle",
					"scale":1,
					"weight":1
				},
				{
					"id":"PARAM_BODY_SWIFT_Y",
					"ptype":"angle",
					"scale":0.005,
					"weight":1
				},
				{
					"id":"PARAM_MISK_Y",
					"ptype":"x",
					"scale":0.025,
					"weight":1
				}
			],
			"targets":[
				{
					"id":"PARAM_CLOTHES_Y",
					"ptype":"angle",
					"scale":0.015,
					"weight":1
				},
				{
					"id":"PARAM_HAIE_SIDE_Y",
					"ptype":"angle",
					"scale":0.02,
					"weight":1
				},
				{
					"id":"PARAM_HAIR_BACK_2",
					"ptype":"angle",
					"scale":0.025,
					"weight":1
				},
				{
					"id":"PARAM_HAIR_BACK_2_Y",
					"ptype":"angle",
					"scale":0.015,
					"weight":0.5
				},
				{
					"id":"PARAM_HAIR_BACK_Y",
					"ptype":"angle",
					"scale":0.015,
					"weight":1.2
				},
				{
					"id":"PARAM_HAIR_FRONT_Y",
					"ptype":"angle",
					"scale":0.025,
					"weight":1
				},
				{
					"id":"PARAM_HAIR_SIDE_Y",
					"ptype":"angle",
					"scale":0.015,
					"weight":0.8
				},
				{
					"id":"PARAM_HAIR_TAIL_Y",
					"ptype":"angle",
					"scale":0.015,
					"weight":0.5
				},
				{
					"id":"PARAM_TIE_Y",
					"ptype":"angle",
					"scale":0.025,
					"weight":1
				}
			]
		},
		{
			"label":"HAIR FRONT",
			"setup":{
				"length":0.25,
				"regist":0.8,
				"mass":0.16
			},
			"src":[
				{
					"id":"PARAM_ANGLE_X",
					"ptype":"x",
					"scale":0.015,
					"weight":1
				},
				{
					"id":"PARAM_ANGLE_Z",
					"ptype":"x",
					"scale":0.015,
					"weight":1
				}
			],
			"targets":[
				{
					"id":"PARAM_HAIR_FRONT",
					"ptype":"angle",
					"scale":0.025,
					"weight":0.8
				}
			]
		},
		{
			"label":"bagy",
			"setup":{
				"length":0.16,
				"regist":0.5,
				"mass":0.84
			},
			"src":[
				{
					"id":"PARAM_SKIRT_Y",
					"ptype":"x",
					"scale":0.1,
					"weight":1
				}
			],
			"targets":[
				{
					"id":"PARAM_LAP_Y",
					"ptype":"angle",
					"scale":0.025,
					"weight":1
				}
			]
		},
		{
			"setup":{
				"length":0.31,
				"regist":1.5,
				"mass":1
			},
			"src":[
				{
					"id":"PARAM_ANGLE_X",
					"ptype":"x",
					"scale":0.005,
					"weight":1
				},
				{
					"id":"PARAM_ANGLE_Z",
					"ptype":"angle",
					"scale":0.8,
					"weight":1
				}
			],
			"targets":[
				{
					"id":"PARAM_HAGE",
					"ptype":"angle",
					"scale":0.025,
					"weight":1
				},
				{
					"id":"PARAM_HAIR_TAIL",
					"ptype":"angle",
					"scale":0.025,
					"weight":0.8
				}
			]
		},
		{
			"label":"LAPX",
			"setup":{
				"length":0.5,
				"regist":0.42,
				"mass":0.69
			},
			"src":[
				{
					"id":"PARAM_BODY_ANGLE_Z",
					"ptype":"angle",
					"scale":0.5,
					"weight":1
				},
				{
					"id":"PARAM_BODY_ANGLE_X",
					"ptype":"angle",
					"scale":0.005,
					"weight":1
				},
				{
					"id":"PARAM_ANGLE_Z",
					"ptype":"angle",
					"scale":0.5,
					"weight":1
				},
				{
					"id":"PARAM_ANGLE_X",
					"ptype":"x",
					"scale":0.005,
					"weight":1
				}
			],
			"targets":[
				{
					"id":"PARAM_LAP_X",
					"ptype":"angle",
					"scale":-0.02,
					"weight":1.5
				}
			]
		},
		{
			"label":"clothes x",
			"setup":{
				"length":0.85,
				"regist":0.42,
				"mass":0.35
			},
			"src":[
				{
					"id":"PARAM_BODY_ANGLE_Z",
					"ptype":"angle",
					"scale":0.05,
					"weight":1
				},
				{
					"id":"PARAM_BODY_ANGLE_X",
					"ptype":"angle",
					"scale":0.005,
					"weight":1
				},
				{
					"id":"PARAM_ANGLE_Z",
					"ptype":"angle",
					"scale":0.05,
					"weight":1
				},
				{
					"id":"PARAM_ANGLE_X",
					"ptype":"x",
					"scale":0.005,
					"weight":1
				}
			],
			"targets":[
				{
					"id":"PARAM_CLOTHES",
					"ptype":"angle",
					"scale":-0.02,
					"weight":1.5
				}
			]
		},
		{
			"label":"skirt x",
			"setup":{
				"length":0.53,
				"regist":0.42,
				"mass":0.71
			},
			"src":[
				{
					"id":"PARAM_BODY_ANGLE_Z",
					"ptype":"angle",
					"scale":0.5,
					"weight":1
				},
				{
					"id":"PARAM_BODY_ANGLE_X",
					"ptype":"angle",
					"scale":0.005,
					"weight":1
				},
				{
					"id":"PARAM_ANGLE_Z",
					"ptype":"angle",
					"scale":0.5,
					"weight":1
				},
				{
					"id":"PARAM_ANGLE_X",
					"ptype":"x",
					"scale":0.005,
					"weight":1
				}
			],
			"targets":[
				{
					"id":"PARAM_SKIRT",
					"ptype":"angle",
					"scale":-0.02,
					"weight":1.5
				}
			]
		},
		{
			"label":"HAIRBACK",
			"setup":{
				"length":0.5,
				"regist":0.42,
				"mass":0.69
			},
			"src":[
				{
					"id":"PARAM_BODY_ANGLE_Z",
					"ptype":"angle",
					"scale":0.05,
					"weight":1
				},
				{
					"id":"PARAM_BODY_ANGLE_X",
					"ptype":"angle",
					"scale":0.005,
					"weight":1
				},
				{
					"id":"PARAM_ANGLE_Z",
					"ptype":"angle",
					"scale":0.05,
					"weight":1
				},
				{
					"id":"PARAM_ANGLE_X",
					"ptype":"x",
					"scale":0.005,
					"weight":1
				}
			],
			"targets":[
				{
					"id":"PARAM_HAIR_BACK",
					"ptype":"angle",
					"scale":-0.02,
					"weight":1.5
				}
			]
		},
		{
			"label":"hairback2",
			"setup":{
				"length":0.56,
				"regist":0.42,
				"mass":0.28
			},
			"src":[
				{
					"id":"PARAM_BODY_ANGLE_Z",
					"ptype":"angle",
					"scale":0.05,
					"weight":1
				},
				{
					"id":"PARAM_BODY_ANGLE_X",
					"ptype":"angle",
					"scale":0.005,
					"weight":1
				},
				{
					"id":"PARAM_ANGLE_Z",
					"ptype":"angle",
					"scale":0.05,
					"weight":1
				},
				{
					"id":"PARAM_ANGLE_X",
					"ptype":"x",
					"scale":0.005,
					"weight":1
				}
			],
			"targets":[
				{
					"id":"PARAM_HAIR_BACK_2",
					"ptype":"angle",
					"scale":-0.025,
					"weight":1.5
				}
			]
		},
		{
			"label":"tie",
			"setup":{
				"length":0.51,
				"regist":0.42,
				"mass":0.69
			},
			"src":[
				{
					"id":"PARAM_BODY_ANGLE_Z",
					"ptype":"angle",
					"scale":0.05,
					"weight":1
				},
				{
					"id":"PARAM_BODY_ANGLE_X",
					"ptype":"angle",
					"scale":0.005,
					"weight":1
				},
				{
					"id":"PARAM_ANGLE_Z",
					"ptype":"angle",
					"scale":0.05,
					"weight":1
				},
				{
					"id":"PARAM_ANGLE_X",
					"ptype":"x",
					"scale":0.005,
					"weight":1
				}
			],
			"targets":[
				{
					"id":"PARAM_TIE",
					"ptype":"angle",
					"scale":-0.02,
					"weight":1.5
				}
			]
		},
		{
			"label":"skirt y",
			"setup":{
				"length":0.6,
				"regist":0.5,
				"mass":1.22
			},
			"src":[
				{
					"id":"PARAM_ANGLE_Y",
					"ptype":"x",
					"scale":0.005,
					"weight":1
				},
				{
					"id":"PARAM_ANGLE_Z",
					"ptype":"angle",
					"scale":0.8,
					"weight":1
				},
				{
					"id":"PARAM_BODY_ANGLE_Z",
					"ptype":"angle",
					"scale":1,
					"weight":1
				},
				{
					"id":"PARAM_BODY_ANGLE_Y",
					"ptype":"angle",
					"scale":1,
					"weight":1
				},
				{
					"id":"PARAM_BODY_SWIFT_Y",
					"ptype":"angle",
					"scale":0.005,
					"weight":1
				},
				{
					"id":"PARAM_MISK_Y",
					"ptype":"x",
					"scale":0.025,
					"weight":1
				}
			],
			"targets":[
				{
					"id":"PARAM_SKIRT_Y",
					"ptype":"angle",
					"scale":0.015,
					"weight":1
				}
			]
		},
		{
			"label":"hairside",
			"setup":{
				"length":0.45,
				"regist":0.42,
				"mass":0.69
			},
			"src":[
				{
					"id":"PARAM_BODY_ANGLE_Z",
					"ptype":"angle",
					"scale":0.05,
					"weight":1
				},
				{
					"id":"PARAM_BODY_ANGLE_X",
					"ptype":"angle",
					"scale":0.005,
					"weight":1
				},
				{
					"id":"PARAM_ANGLE_Z",
					"ptype":"angle",
					"scale":0.05,
					"weight":1
				},
				{
					"id":"PARAM_ANGLE_X",
					"ptype":"x",
					"scale":0.005,
					"weight":1
				}
			],
			"targets":[
				{
					"id":"PARAM_HAIR_SIDE",
					"ptype":"angle",
					"scale":-0.02,
					"weight":1.5
				}
			]
		}
	]
}