{
	"type":"Live2D Physics",
	"physics_hair":[
		{
			"label":"opai",
			"setup":{
				"length":0.23,
				"regist":0.5,
				"mass":0.24
			},
			"src":[
				{
					"id":"PARAM_ANGLE_Y",
					"ptype":"x",
					"scale":0.005,
					"weight":0.2
				},
				{
					"id":"PARAM_BODY_ANGLE_Y",
					"ptype":"x",
					"scale":0.015,
					"weight":0.3
				},
				{
					"id":"PARAM_ANGLE_Z",
					"ptype":"angle",
					"scale":-0.015,
					"weight":1
				}
			],
			"targets":[
				{
					"id":"PARAM_OPAISHAKE_Y",
					"ptype":"angle",
					"scale":0.015,
					"weight":1
				},
				{
					"id":"PARAM_MISK_EAR_Y",
					"ptype":"angle",
					"scale":0.015,
					"weight":1
				}
			]
		},
		{
			"setup":{
				"length":0.24,
				"regist":0.5,
				"mass":0.1
			},
			"src":[
				{
					"id":"PARAM_BODY_ANGLE_X",
					"ptype":"x",
					"scale":0.02,
					"weight":0.8
				},
				{
					"id":"PARAM_ANGLE_X",
					"ptype":"x",
					"scale":0.02,
					"weight":0.8
				},
				{
					"id":"PARAM_BODY_ANGLE_Z",
					"ptype":"x",
					"scale":0.5,
					"weight":0.5
				},
				{
					"id":"PARAM_ANGLE_Z",
					"ptype":"x",
					"scale":0.5,
					"weight":0.6
				}
			],
			"targets":[
				{
					"id":"PARAM_OPAISHAKE_X",
					"ptype":"angle",
					"scale":0.03,
					"weight":0.8
				},
				{
					"id":"PARAM_MISK_EAR",
					"ptype":"angle",
					"scale":0.025,
					"weight":1
				}
			]
		},
		{
			"setup":{
				"length":0.34,
				"regist":0.5,
				"mass":0.2
			},
			"src":[
				{
					"id":"PARAM_ANGLE_X",
					"ptype":"x",
					"scale":0.005,
					"weight":1
				},
				{
					"id":"PARAM_ANGLE_Z",
					"ptype":"angle",
					"scale":0.8,
					"weight":1
				}
			],
			"targets":[
				{
					"id":"PARAM_HEADDREES",
					"ptype":"angle",
					"scale":0.025,
					"weight":1
				}
			]
		},
		{
			"setup":{
				"length":0.65,
				"regist":0.5,
				"mass":1.39
			},
			"src":[
				{
					"id":"PARAM_ANGLE_Y",
					"ptype":"x",
					"scale":0.005,
					"weight":1
				},
				{
					"id":"PARAM_ANGLE_Z",
					"ptype":"angle",
					"scale":0.8,
					"weight":1
				},
				{
					"id":"PARAM_BODY_ANGLE_Z",
					"ptype":"angle",
					"scale":1,
					"weight":1
				},
				{
					"id":"PARAM_BODY_ANGLE_Y",
					"ptype":"angle",
					"scale":1,
					"weight":1
				},
				{
					"id":"PARAM_BODY_SWIFT_Y",
					"ptype":"angle",
					"scale":0.005,
					"weight":1
				}
			],
			"targets":[
				{
					"id":"PARAM_SKIRT_Y",
					"ptype":"angle",
					"scale":0.015,
					"weight":1
				},
				{
					"id":"PARAM_HAIR_SIDE_Y",
					"ptype":"angle",
					"scale":0.02,
					"weight":0.8
				},
				{
					"id":"PARAM_HAIR_BACK_Y",
					"ptype":"angle",
					"scale":0.015,
					"weight":1.2
				},
				{
					"id":"PARAM_HAIR_FRONT_Y",
					"ptype":"angle",
					"scale":0.025,
					"weight":1
				},
				{
					"id":"PARAM_CLOTHES_Y",
					"ptype":"angle",
					"scale":0.025,
					"weight":1
				},
				{
					"id":"PARAM_HAIE_SIDE_Y",
					"ptype":"angle",
					"scale":0.02,
					"weight":1
				},
				{
					"id":"PARAM_HAIR_BACK_2_Y",
					"ptype":"angle",
					"scale":0.015,
					"weight":0.5
				}
			]
		},
		{
			"label":"HAIR FRONT",
			"setup":{
				"length":0.25,
				"regist":0.8,
				"mass":0.16
			},
			"src":[
				{
					"id":"PARAM_ANGLE_X",
					"ptype":"x",
					"scale":0.015,
					"weight":1
				},
				{
					"id":"PARAM_ANGLE_Z",
					"ptype":"x",
					"scale":0.015,
					"weight":1
				}
			],
			"targets":[
				{
					"id":"PARAM_HAIR_FRONT",
					"ptype":"angle",
					"scale":0.025,
					"weight":0.8
				}
			]
		},
		{
			"label":"skirt",
			"setup":{
				"length":0.35,
				"regist":0.4,
				"mass":0.61
			},
			"src":[
				{
					"id":"PARAM_BODY_ANGLE_Z",
					"ptype":"angle",
					"scale":0.5,
					"weight":1
				},
				{
					"id":"PARAM_BODY_ANGLE_X",
					"ptype":"angle",
					"scale":0.005,
					"weight":1
				},
				{
					"id":"PARAM_ANGLE_Z",
					"ptype":"angle",
					"scale":0.5,
					"weight":1
				},
				{
					"id":"PARAM_ANGLE_X",
					"ptype":"x",
					"scale":0.005,
					"weight":1
				}
			],
			"targets":[
				{
					"id":"PARAM_SKIRT",
					"ptype":"angle",
					"scale":0.01,
					"weight":1
				},
				{
					"id":"PARAM_CLOTHES",
					"ptype":"angle",
					"scale":0.015,
					"weight":1
				}
			]
		},
		{
			"label":"MISK_PUSHING",
			"setup":{
				"length":0.5,
				"regist":0.5,
				"mass":2.18
			},
			"src":[
				{
					"id":"PARAM_SKIRT",
					"ptype":"x",
					"scale":0.1,
					"weight":1
				}
			],
			"targets":[
				{
					"id":"PARAM_MISK",
					"ptype":"angle",
					"scale":0.018,
					"weight":1
				}
			]
		},
		{
			"label":"MISKY",
			"setup":{
				"length":0.48,
				"regist":0.5,
				"mass":2.5
			},
			"src":[
				{
					"id":"PARAM_HAIR_FRONT_Y",
					"ptype":"x",
					"scale":0.1,
					"weight":1
				}
			],
			"targets":[
				{
					"id":"PARAM_HAGE_Y",
					"ptype":"angle",
					"scale":0.015,
					"weight":1
				},
				{
					"id":"PARAM_SLEEVE_Y",
					"ptype":"angle",
					"scale":0.015,
					"weight":1
				}
			]
		},
		{
			"label":"bagy",
			"setup":{
				"length":0.38,
				"regist":0.5,
				"mass":0.84
			},
			"src":[
				{
					"id":"PARAM_SKIRT_Y",
					"ptype":"x",
					"scale":0.1,
					"weight":1
				}
			],
			"targets":[
				{
					"id":"PARAM_BAG_Y",
					"ptype":"angle",
					"scale":0.025,
					"weight":1
				}
			]
		},
		{
			"label":"side1",
			"setup":{
				"length":0.3,
				"regist":1.5,
				"mass":1
			},
			"src":[
				{
					"id":"PARAM_ANGLE_X",
					"ptype":"x",
					"scale":0.005,
					"weight":1
				},
				{
					"id":"PARAM_ANGLE_Z",
					"ptype":"angle",
					"scale":0.8,
					"weight":1
				}
			],
			"targets":[
				{
					"id":"PARAM_HAIR_SIDE",
					"ptype":"angle",
					"scale":0.025,
					"weight":0.8
				}
			]
		},
		{
			"label":"HAIRBACK",
			"setup":{
				"length":0.82,
				"regist":0.9,
				"mass":0.3
			},
			"src":[
				{
					"id":"PARAM_ANGLE_X",
					"ptype":"x",
					"scale":0.005,
					"weight":1
				},
				{
					"id":"PARAM_ANGLE_Z",
					"ptype":"angle",
					"scale":0.8,
					"weight":1
				},
				{
					"id":"PARAM_BODY_ANGLE_Z",
					"ptype":"x",
					"scale":1,
					"weight":1
				},
				{
					"id":"PARAM_BODY_SWIFT_X",
					"ptype":"x",
					"scale":0.005,
					"weight":1
				}
			],
			"targets":[
				{
					"id":"PARAM_HAIR_BACK",
					"ptype":"angle",
					"scale":0.015,
					"weight":1.5
				},
				{
					"id":"PARAM_HAIR_BACK_2",
					"ptype":"angle",
					"scale":0.015,
					"weight":1
				}
			]
		},
		{
			"label":"HAGE",
			"setup":{
				"length":0.13,
				"regist":0.5,
				"mass":0.04
			},
			"src":[
				{
					"id":"PARAM_ANGLE_X",
					"ptype":"x",
					"scale":0.005,
					"weight":1
				},
				{
					"id":"PARAM_ANGLE_Z",
					"ptype":"angle",
					"scale":0.8,
					"weight":1
				},
				{
					"id":"PARAM_BODY_ANGLE_Z",
					"ptype":"angle",
					"scale":1,
					"weight":1
				},
				{
					"id":"PARAM_BODY_SWIFT_X",
					"ptype":"x",
					"scale":0.005,
					"weight":1
				}
			],
			"targets":[
				{
					"id":"PARAM_HAGE",
					"ptype":"angle",
					"scale":0.025,
					"weight":1
				},
				{
					"id":"PARAM_EAR_MISK",
					"ptype":"angle",
					"scale":0.025,
					"weight":1
				}
			]
		},
		{
			"label":"hairside",
			"setup":{
				"length":0.31,
				"regist":0.75,
				"mass":0.2
			},
			"src":[
				{
					"id":"PARAM_ANGLE_X",
					"ptype":"x",
					"scale":0.005,
					"weight":1
				},
				{
					"id":"PARAM_BODY_ANGLE_Z",
					"ptype":"x",
					"scale":1,
					"weight":1
				},
				{
					"id":"PARAM_BODY_SWIFT_X",
					"ptype":"x",
					"scale":0.005,
					"weight":1
				}
			],
			"targets":[
				{
					"id":"PARAM_HAIR_SIDE",
					"ptype":"angle",
					"scale":0.025,
					"weight":0.5
				}
			]
		},
		{
			"label":"SLEEVE",
			"setup":{
				"length":0.65,
				"regist":0.54,
				"mass":0.35
			},
			"src":[
				{
					"id":"PARAM_BODY_ANGLE_Z",
					"ptype":"angle",
					"scale":0.5,
					"weight":1
				},
				{
					"id":"PARAM_BODY_ANGLE_X",
					"ptype":"angle",
					"scale":0.005,
					"weight":1
				},
				{
					"id":"PARAM_ANGLE_X",
					"ptype":"x",
					"scale":0.005,
					"weight":1
				}
			],
			"targets":[
				{
					"id":"PARAM_SLEEVE",
					"ptype":"angle",
					"scale":0.025,
					"weight":1
				}
			]
		}
	]
}