{
	"version":"Sample 1.0.0",
	"model":"model.moc",
	"textures":[
		"model.1024/texture_00.png"
	],
	"motions":{
		"idle":[
			{"file":"motions/daiji_idle_01.mtn"}
		],
		"":[
			{"file":"motions/touch_1.mtn"},
			{"file":"motions/touch_2.mtn"},
			{"file":"motions/touch_3.mtn"},
			{"file":"motions/wait_1.mtn"},
			{"file":"motions/wait_2.mtn"},
			{"file":"motions/wedding.mtn"},
			{"file":"motions/wedding_touch.mtn"},
			{"file":"motions/shake.mtn"}
		]

	},
	"physics":"physics.json",
    "hit_areas":[
			{"name":"face","id":"D_REF.FACE"},
			{"name":"body","id":"D_REF.BODY"}
	]
}