{
	"version":"Sample 1.0.0",
	"model":"model.moc",
	"textures":[
		"model.1024/texture_00.png"
	],
	"motions":{
		"idle":[
			{"file":"motions/daiji_idle_02.mtn"}
		],
		"":[
			{"file":"motions/broken_1.mtn"},
			{"file":"motions/broken_2.mtn"},
			{"file":"motions/broken_3.mtn"},
			{"file":"motions/broken_4.mtn"},
			{"file":"motions/broken_5.mtn"}
		
			
		]
	},
		"physics":"physics.json",
		
    "hit_areas":[
			{"name":"body","id":"D_REF.BODY"},
			{"name":"head","id":"D_REF.HEAD"},
			{"name":"leg","id":"D_REF.LEG"}
		
	]
}